conflict_id,topic,parameter,source_1,value_1,date_1,source_2,value_2,date_2,which_is_newer,supersession_evidence,recommended_value,confidence,status,notes
C01,NSFDC,annual family income limit,NSFDC Eligibility Criteria + FAQ pages (https://www.nsfdc.nic.in/en/eligibility-criteria),300000 (w.e.f. 08.03.2018),2018-03-08,NSFDC About page + PIB PRID 2223171 (https://www.pib.gov.in/PressReleasePage.aspx?PRID=2223171),500000 (w.e.f. 07.01.2026),2026-01-07,source_2,PIB (MoSJE) states the limit 'has been revised from Rs 3 lakh to Rs 5 lakh with effect from 07.01.2026',500000,MEDIUM-HIGH,RESOLVED-PROVISIONAL; NEEDS HUMAN REVIEW,Underlying NSFDC board circular not located. Confirm with TAHDCO whether SCA-level income certificates still use 3 lakh.
C02,NSFDC,interest rate / repayment range,"MoSJE NSFDC material (socialjustice.gov.in; older annexure, e.g. About_NSFDC_08_2021.pdf)",rate 3%-6%; repayment up to 10 years; loan up to 50 lakh,~2021 (NOT VERIFIED),"NSFDC scheme pages (MCF, Term Loan)",MCF 6.5% / 3y; TL 8% / 7y,current as of 2026-09-27,source_2 (live scheme pages),Implicit only (live pages vs older ministry summary); SIH26091 brief (2026) matches source_2,MCF 6.5%/3y/3m; TL 8%/7y/6m,HIGH,RESOLVED,"MoSJE summary covers many NSFDC schemes (education, VETLS etc.) so the ranges are not scheme-specific."
C03,SIH26091 brief vs NSFDC,loan arithmetic at MCF boundary,SIH26091 brief,Project cost = margin / 10%; loan = 90%,2026,NSFDC MCF page,"loan = min(90% of cost, 125000)",current,N/A,Not a supersession; brief formula ignores cap,"Apply cap: for cost in (138889, 140000] beneficiary share > 10%",HIGH,RESOLVED (DERIVED),CALCULATED: 125000/0.9 = 138888.89.
C04,SIH26091 brief vs NSFDC,Term Loan moratorium,SIH26091 brief,6 months,2026,NSFDC Term Loan page,6 months; 12 months for plantation & construction,current,N/A,Brief is simplified,6 months default; 12 for plantation/construction,HIGH,RESOLVED,
C05,CGTMSE,coverage - women entrepreneurs,CGTMSE Circular 209/2022-23,85%,2022-11-30,CGTMSE Circular 241,90%,2024-12-10,source_2,Circular 241 title: 'enhancement in extent of coverage for women entrepreneurs',90%,MEDIUM-HIGH,RESOLVED,Effective date inside circular not read.
C06,CGTMSE,coverage - SC/ST entrepreneurs,Older CGS-I documents (search extract),85%,NOT VERIFIED,Search extract of current extent-of-cover page grouping SC/ST with women,90%,NOT VERIFIED,UNKNOWN,None found,DO NOT USE until scheme document table is read,LOW,UNRESOLVED,
C07,CGTMSE,guarantee ceiling,Circular 220 (31-03-2023),5 crore,2023-04-01,Circular 250 (18-03-2025),10 crore,2025-04-01,source_2,Circular 250 title '5cr to 10 cr'; PIB MSME classification release,100000000 INR,HIGH,RESOLVED,
C08,PMMY,maximum loan,Original PMMY (Tarun top),10 lakh,2015-04-08,PIB PRID 2068019 (Tarun Plus),20 lakh,2024-10-24,source_2,PIB: 'Loan limit under PMMY increased to Rs.20 lakh from the current Rs.10 lakh',2000000 INR (Tarun Plus only for successful Tarun repayers),HIGH,RESOLVED,
C09,Udyam,micro enterprise limits,2020 classification (DERIVED from PIB '2.5x and 2x'),investment 1 crore / turnover 5 crore,2020-07-01 (NOT VERIFIED),PIB PRID 2098389 / gazette notification,investment 2.5 crore / turnover 10 crore,2025-04-01,source_2,Gazette notification effective 01-04-2025,2.5 crore / 10 crore,HIGH,RESOLVED,Old values are DERIVED by dividing new by 2.5/2; not independently verified.
C10,PMEGP,scheme validity beyond 31-03-2026,15th FC-cycle approval (NOT VERIFIED),valid to FY 2025-26,NOT VERIFIED,Parliamentary Standing Committee report on MSME DFG 2026-27 (PIB PRID 2238242),PMEGP discussed as flagship scheme in 2026-27,2026-03-11,source_2,No continuation approval found,Show PMEGP as available but flag 'continuation status: verify',LOW,UNRESOLVED,
C11,PMEGP,definition of family (one-per-family rule),"PMEGP guidelines (kviconline/msme.gov.in, search extract)",self and spouse,current,"Other PMEGP material (search extract, document not identified)","self, spouse and unmarried children",current,UNKNOWN,None,self and spouse (per guidelines); confirm clause,MEDIUM,RESOLVED-PROVISIONAL; NEEDS HUMAN REVIEW,Both extracts from kviconline/pmegp domains.
C12,NSFDC,age requirement,"Third-party sites (bajajfinserv, creditmantri etc.)",18-50 years,unknown,NSFDC FAQ,No specific age restriction stated (VET context); 'upto 50 years' only for unemployed VET trainees,current,N/A,Third-party source rejected,No age rule in ONEVA; show 'check with SCA',MEDIUM,RESOLVED (reject non-official),
