source_id,dataset_or_document,organization,department,source_type,official,url,download_url,publication_date,effective_date,retrieved_date,file_name,sha256,pages_or_rows,verification_method,primary_source,secondary_source,status,confidence,limitations
D01,SIH26091 problem statement: AI-Driven Hyper-Local Business Advisory and Financial Structuring Assistant for Rural Micro-Entrepreneurs,Smart India Hackathon / Ministry of Social Justice and Empowerment,Department of Social Justice and Empowerment,Problem statement (web listing),FALSE,https://sih.gov.in/sih2026PS,https://github.com/NoBugNinja/Smart-India-Hackathon-SIH-2026-Problem-Statements/blob/ee69e2d423689f806e06c57c09e99953cebadadb/data/sih2026_ps_20260822_211225.json,2026 (SIH 2026 cycle),,2026-09-27,sih2026_ps_20260822_211225.json,3d8e7330d2e656e90b187f46ac2b8c3f108168bd92d16425f487d6802ce1cbe0,226 problem statements (JSON),git clone of mirror; sha256,NO (mirror),,DOWNLOADED (mirror),HIGH,Unofficial mirror
D02,NSFDC - Term Loan,NSFDC,MoSJE,Scheme web page,TRUE,https://nsfdc.nic.in/en/term-loan,https://nsfdc.nic.in/en/term-loan,NOT VERIFIED,NOT VERIFIED,2026-09-27 (search-level),,,,Official-domain restricted web search; original not opened,YES,,NOT DOWNLOADED - egress blocked,MEDIUM,No sha256/page numbers until fetched
D03,NSFDC - Micro Credit Finance,NSFDC,MoSJE,Scheme web page,TRUE,https://nsfdc.nic.in/en/micro-credit-finance,https://nsfdc.nic.in/en/micro-credit-finance,NOT VERIFIED,NOT VERIFIED,2026-09-27 (search-level),,,,Official-domain restricted web search; original not opened,YES,,NOT DOWNLOADED - egress blocked,MEDIUM,No sha256/page numbers until fetched
D04,NSFDC - Eligibility Criteria,NSFDC,MoSJE,Web page,TRUE,https://www.nsfdc.nic.in/en/eligibility-criteria,https://www.nsfdc.nic.in/en/eligibility-criteria,NOT VERIFIED,2018-03-08 (stale income text),2026-09-27 (search-level),,,,Official-domain restricted web search; original not opened,YES,,NOT DOWNLOADED - egress blocked,MEDIUM,No sha256/page numbers until fetched
D05,NSFDC - FAQ,NSFDC,MoSJE,FAQ web page,TRUE,https://nsfdc.nic.in/en/faq?link=out,https://nsfdc.nic.in/en/faq?link=out,NOT VERIFIED,,2026-09-27 (search-level),,,,Official-domain restricted web search; original not opened,YES,,NOT DOWNLOADED - egress blocked,MEDIUM,No sha256/page numbers until fetched
D06,About NSFDC,NSFDC,MoSJE,Web page,TRUE,https://nsfdc.nic.in/en/about-nsfdc,https://nsfdc.nic.in/en/about-nsfdc,2026 (post 07-01-2026 edit),2026-01-07,2026-09-27 (search-level),,,,Official-domain restricted web search; original not opened,YES,,NOT DOWNLOADED - egress blocked,MEDIUM,No sha256/page numbers until fetched
D07,NSFDC - How to Apply,NSFDC,MoSJE,Web page,TRUE,https://nsfdc.nic.in/en/how-to-apply,https://nsfdc.nic.in/en/how-to-apply,NOT VERIFIED,,2026-09-27 (search-level),,,,Official-domain restricted web search; original not opened,YES,,NOT DOWNLOADED - egress blocked,MEDIUM,No sha256/page numbers until fetched
D08,NSFDC - State Channelising Agencies list,NSFDC,MoSJE,Directory web page,TRUE,https://nsfdc.nic.in/channel-patrners/scas,https://nsfdc.nic.in/channel-patrners/scas,NOT VERIFIED,,2026-09-27 (search-level),,,,Official-domain restricted web search; original not opened,YES,,NOT DOWNLOADED - egress blocked,MEDIUM,No sha256/page numbers until fetched
D09,PIB: Increase in the provision of loans to Scheduled Castes (PRID 2223171),Press Information Bureau,Ministry of Social Justice & Empowerment,Press release (Parliament reply),TRUE,https://www.pib.gov.in/PressReleasePage.aspx?PRID=2223171,https://www.pib.gov.in/PressReleasePage.aspx?PRID=2223171,2026 (exact date NOT VERIFIED),2026-01-07,2026-09-27 (search-level),,,,Official-domain restricted web search; original not opened,YES,,NOT DOWNLOADED - egress blocked,MEDIUM,No sha256/page numbers until fetched
D10,MoSJE - NSFDC scheme page,Ministry of Social Justice & Empowerment,Department of Social Justice and Empowerment,Scheme web page,TRUE,https://socialjustice.gov.in/schemes/34,https://socialjustice.gov.in/schemes/34,NOT VERIFIED,,2026-09-27 (search-level),,,,Official-domain restricted web search; original not opened,YES,,NOT DOWNLOADED - egress blocked,MEDIUM,No sha256/page numbers until fetched
D11,DFS - Pradhan Mantri MUDRA Yojana (PMMY),Department of Financial Services,Ministry of Finance,Scheme web page,TRUE,https://www.financialservices.gov.in/pradhan-mantri-mudra-yojana-pmmy,https://www.financialservices.gov.in/pradhan-mantri-mudra-yojana-pmmy,NOT VERIFIED,,2026-09-27 (search-level),,,,Official-domain restricted web search; original not opened,YES,,NOT DOWNLOADED - egress blocked,MEDIUM,No sha256/page numbers until fetched
D12,MUDRA Loan - Salient Features,MUDRA Ltd,DFS,PDF,TRUE,https://www.mudra.org.in/offerings,https://www.mudra.org.in/Default/DownloadFile/MudraLoan-SalientFeatures-English.pdf,NOT VERIFIED,,2026-09-27 (search-level),,,,Official-domain restricted web search; original not opened,YES,,NOT DOWNLOADED - egress blocked,MEDIUM,No sha256/page numbers until fetched
D13,PIB: PMMY loan limit raised to Rs 20 lakh (Tarun Plus),Press Information Bureau,Ministry of Finance,Press release + PDF backgrounder,TRUE,https://www.pib.gov.in/PressReleaseIframePage.aspx?PRID=2068019,https://static.pib.gov.in/WriteReadData/specificdocs/documents/2024/oct/doc20241029426401.pdf,2024-10,2024-10-24,2026-09-27 (search-level),,,,Official-domain restricted web search; original not opened,YES,,NOT DOWNLOADED - egress blocked,MEDIUM,No sha256/page numbers until fetched
D14,PIB: 11 Years of Pradhan Mantri MUDRA Yojana,Press Information Bureau,Ministry of Finance,PDF backgrounder,TRUE,https://static.pib.gov.in/WriteReadData/specificdocs/documents/2026/apr/doc202648842601.pdf,https://static.pib.gov.in/WriteReadData/specificdocs/documents/2026/apr/doc202648842601.pdf,2026-04,,2026-09-27 (search-level),,,,Official-domain restricted web search; original not opened,YES,,NOT DOWNLOADED - egress blocked,MEDIUM,No sha256/page numbers until fetched
D15,PMEGP Revised Scheme Guidelines (07.12.2023),Ministry of MSME / KVIC,Ministry of MSME,Guidelines PDF,TRUE,https://www.msme.gov.in/eligibility-criteria-pmegp-scheme,https://msme.gov.in/sites/default/files/Revisedguidelines07.12.2023.pdf,2023-12-07,2023-12-07,2026-09-27 (search-level),,,,Official-domain restricted web search; original not opened,YES,,NOT DOWNLOADED - egress blocked,MEDIUM,No sha256/page numbers until fetched
D16,PMEGP 2nd loan guidelines (upgradation of existing units),Ministry of MSME / KVIC,Ministry of MSME,Guidelines PDF,TRUE,https://www.kviconline.gov.in/pmegpeportal/pmegpIILOAN/PMEGP.pdf,https://msme.gov.in/sites/default/files/2ndloanenglishguidelines.pdf,NOT VERIFIED,,2026-09-27 (search-level),,,,Official-domain restricted web search; original not opened,YES,,NOT DOWNLOADED - egress blocked,MEDIUM,No sha256/page numbers until fetched
D17,PMEGP FAQ (KVIC e-portal),KVIC,Ministry of MSME,FAQ web page,TRUE,https://www.kviconline.gov.in/pmegpeportal/jsp/FAQ.jsp,https://www.kviconline.gov.in/pmegpeportal/jsp/FAQ.jsp,NOT VERIFIED,,2026-09-27 (search-level),,,,Official-domain restricted web search; original not opened,YES,,NOT DOWNLOADED - egress blocked,MEDIUM,No sha256/page numbers until fetched
D18,CGTMSE - CGS-I Scheme Document (updated as on 01-04-2025),CGTMSE,Ministry of MSME / SIDBI,Scheme document PDF,TRUE,https://www.cgtmse.in/Circulars,https://www.cgtmse.in/Default/ViewFile/?id=1743176302611_CGTMSE+-+Scheme+Document+CGS+I_updated+as+on+Apr+1+2025.pdf&path=Page,2025-04-01,2025-04-01,2026-09-27 (search-level),,,,Official-domain restricted web search; original not opened,YES,,NOT DOWNLOADED - egress blocked,MEDIUM,No sha256/page numbers until fetched
D19,CGTMSE Circular 250/2024-25 - ceiling 5 cr to 10 cr,CGTMSE,,Circular PDF,TRUE,https://www.cgtmse.in/Circulars,https://www.cgtmse.in/Default/ViewFile/?id=1742382157365_Circular+No.+2502024-25+5cr+to+10+cr.pdf&path=Circular,2025-03-18,2025-04-01,2026-09-27 (search-level),,,,Official-domain restricted web search; original not opened,YES,,NOT DOWNLOADED - egress blocked,MEDIUM,No sha256/page numbers until fetched
D20,CGTMSE Circular 251/2024-25 - reduction in AGF,CGTMSE,,Circular PDF,TRUE,https://www.cgtmse.in/Circulars,https://cgtmse.in/Default/ViewFile/?id=1742382368090_Circular+No.2512024-25+reduction+in+AGF.pdf&path=Circular,2025-03-18,2025-04-01,2026-09-27 (search-level),,,,Official-domain restricted web search; original not opened,YES,,NOT DOWNLOADED - egress blocked,MEDIUM,No sha256/page numbers until fetched
D21,CGTMSE Circular 241 - coverage for women entrepreneurs,CGTMSE,,Circular PDF,TRUE,https://www.cgtmse.in/Circulars,https://www.cgtmse.in/Default/ViewFile/?id=1734171815262_Circular+241-+enhancement+in+extent+of+coverage+for+women+entrepreneurs%5B90%5D.pdf&path=Circular,2024-12-10,NOT VERIFIED,2026-09-27 (search-level),,,,Official-domain restricted web search; original not opened,YES,,NOT DOWNLOADED - egress blocked,MEDIUM,No sha256/page numbers until fetched
D22,PIB: Investment and turnover limits for MSME classification enhanced (PRID 2098389) + MSME gazette notification page,Press Information Bureau / Ministry of MSME,Ministry of MSME,Press release / notification,TRUE,https://www.pib.gov.in/PressReleasePage.aspx?PRID=2098389,https://www.msme.gov.in/whatsnew/new-criteria-classification-micro-small-and-medium-enterprises-gazette-notification-1st,2025-02,2025-04-01,2026-09-27 (search-level),,,,Official-domain restricted web search; original not opened,YES,,NOT DOWNLOADED - egress blocked,MEDIUM,No sha256/page numbers until fetched
D23,Ministry of MSME Annual Report 2025-26,Ministry of MSME,,Annual report PDF,TRUE,https://www.msme.gov.in/static/uploads/2026/05/1bfda06b460e72543530b40817573495.pdf,https://www.msme.gov.in/static/uploads/2026/05/1bfda06b460e72543530b40817573495.pdf,2026-05,,2026-09-27 (search-level),,,,Official-domain restricted web search; original not opened,YES,,NOT DOWNLOADED - egress blocked,MEDIUM,No sha256/page numbers until fetched
D24,HCES 2023-24 Press Note / Fact sheet,MoSPI (NSO),Ministry of Statistics & PI,Press note PDF,TRUE,https://www.pib.gov.in/PressReleasePage.aspx?PRID=2097601,https://www.mospi.gov.in/sites/default/files/press_release/HCES_Press_Note_2023-24_27122024_rev.pdf,2024-12-27,,2026-09-27 (search-level),,,,Official-domain restricted web search; original not opened,YES,,NOT DOWNLOADED - egress blocked,MEDIUM,No sha256/page numbers until fetched
D25,HCES 2023-24 Final Report,MoSPI (NSO),Ministry of Statistics & PI,Report PDF,TRUE,https://mospi.gov.in/sites/default/files/press_release/HCES_Report202324_Press_Note_30012025.pdf,https://www.mospi.gov.in/sites/default/files/publication_reports/Final_Report_HCES_2023-24L.pdf,2025 (NOT VERIFIED),,2026-09-27 (search-level),,,,Official-domain restricted web search; original not opened,YES,,NOT DOWNLOADED - egress blocked,MEDIUM,No sha256/page numbers until fetched
D26,data.gov.in: Current Daily Price of Various Commodities from Various Markets (Mandi),Open Government Data Platform / AGMARKNET,Ministry of Agriculture & Farmers Welfare,API dataset,TRUE,https://www.data.gov.in/resource/current-daily-price-various-commodities-various-markets-mandi,https://api.data.gov.in/resource/9ef84268-d588-465a-a308-a864a43d0070,daily,,2026-09-27 (search-level),,,,Official-domain restricted web search; original not opened,YES,,NOT DOWNLOADED - egress blocked,MEDIUM,No sha256/page numbers until fetched
D27,Basic Animal Husbandry Statistics 2025,Department of Animal Husbandry & Dairying,"Ministry of Fisheries, AH & Dairying",Statistical publication PDF,TRUE,https://www.pib.gov.in/PressReleasePage.aspx?PRID=2195049,https://dahd.gov.in/sites/default/files/2025-12/BasicAnimalHusbandryStatistics2025.pdf,2025-11/12,reference 2024-25,2026-09-27 (search-level),,,,Official-domain restricted web search; original not opened,YES,,NOT DOWNLOADED - egress blocked,MEDIUM,No sha256/page numbers until fetched
D28,Tamil Nadu UYEGP scheme page,Government of Tamil Nadu - MSME Department,Commissionerate of Industries & Commerce,Scheme web page,TRUE,https://www.msmetamilnadu.tn.gov.in/uyegp.php,https://www.msmetamilnadu.tn.gov.in/uyegp.php,NOT VERIFIED,,2026-09-27 (search-level),,,,Official-domain restricted web search; original not opened,YES,,NOT DOWNLOADED - egress blocked,MEDIUM,No sha256/page numbers until fetched
D29,Tamil Nadu AABCS (Annal Ambedkar Business Champions Scheme) G.O.,Government of Tamil Nadu - MSME Department,,Government Order PDF,TRUE,https://msmeonline.tn.gov.in/aabcs/aabcs_desc.php,https://msmeonline.tn.gov.in/aabcs/pdf/aabcs_go.pdf,NOT VERIFIED,,2026-09-27 (search-level),,,,Official-domain restricted web search; original not opened,YES,,NOT DOWNLOADED - egress blocked,MEDIUM,No sha256/page numbers until fetched
D30,TAHDCO schemes (NSFDC SCA for Tamil Nadu),"TAHDCO, Government of Tamil Nadu",Adi Dravidar & Tribal Welfare Department,Web page,TRUE,https://tahdco.com/schemes,https://tahdco.com/schemes,NOT VERIFIED,,2026-09-27 (search-level),,,,Official-domain restricted web search; original not opened,YES,,NOT DOWNLOADED - egress blocked,MEDIUM,No sha256/page numbers until fetched
D31,Statistical Hand Book of Tamil Nadu,"Department of Economics and Statistics, Govt of Tamil Nadu","Planning, Development & Special Initiatives",Statistical publication,TRUE,https://des.tn.gov.in/en/node/32,https://des.tn.gov.in/en/node/32,annual (latest edition NOT VERIFIED),,2026-09-27 (search-level),,,,Official-domain restricted web search; original not opened,YES,,NOT DOWNLOADED - egress blocked,MEDIUM,No sha256/page numbers until fetched
S-API-01,AGMARKNET mandi price API resource 9ef84268-d588-465a-a308-a864a43d0070,OGD Platform India,MoA&FW,API,TRUE,https://www.data.gov.in/resource/current-daily-price-various-commodities-various-markets-mandi,https://api.data.gov.in/resource/9ef84268-d588-465a-a308-a864a43d0070,daily,,NOT RETRIEVED,,,,"Resource id taken from public GitHub client code (singhdks23/Mandi-Market-Application, kayalshri/commodityprice); field names confirmed from same code",YES,,NOT FETCHED - api.data.gov.in blocked; requires API key,MEDIUM,Confirm id/fields on first live call
S-3P-01,"Non-official aggregators seen and REJECTED (bajajfinserv, lendingkart, creditmantri, projectsarthi, CEIC, scribd)",various,,rejected,FALSE,,,,,2026-09-27,,,,,NO,,REJECTED - not used for any value,,
