document_id,title,organization,department,document_type,publication_date,effective_date,source_url,download_url,retrieved_at,file_name,file_size,sha256,official_source,language,pages,relevant_sections,relevance,verification_status,notes,group
D01,SIH26091 problem statement: AI-Driven Hyper-Local Business Advisory and Financial Structuring Assistant for Rural Micro-Entrepreneurs,Smart India Hackathon / Ministry of Social Justice and Empowerment,Department of Social Justice and Empowerment,Problem statement (web listing),2026 (SIH 2026 cycle),,https://sih.gov.in/sih2026PS,https://github.com/NoBugNinja/Smart-India-Hackathon-SIH-2026-Problem-Statements/blob/ee69e2d423689f806e06c57c09e99953cebadadb/data/sih2026_ps_20260822_211225.json,2026-09-27,sih2026_ps_20260822_211225.json,724636,3d8e7330d2e656e90b187f46ac2b8c3f108168bd92d16425f487d6802ce1cbe0,False,English,0,Background tiers; Module 2 Financial Structuring; Logic A/B,Defines ONEVA scope and the scheme-routing assumptions that must be checked against NSFDC,"DOWNLOADED FROM UNOFFICIAL MIRROR (GitHub, commit ee69e2d); official sih.gov.in listing not reachable",Original mirror file stored in 01_SIH26091_ELIGIBILITY/source_documents/ and 03_GOVERNMENT_RAG/documents/. Replace with official PDF/listing when reachable.,SIH
D02,NSFDC - Term Loan,NSFDC,MoSJE,Scheme web page,NOT VERIFIED,NOT VERIFIED,https://nsfdc.nic.in/en/term-loan,https://nsfdc.nic.in/en/term-loan,,D02_NSFDC.html,,,True,English,0,Loan; Interest; Repayment,Authoritative Term Loan parameters,NOT DOWNLOADED - host blocked by collection environment egress policy; content verified at search-extract level only. Run 05_SOURCE_REGISTER/fetch_scripts/download_documents.py,,NSFDC
D03,NSFDC - Micro Credit Finance,NSFDC,MoSJE,Scheme web page,NOT VERIFIED,NOT VERIFIED,https://nsfdc.nic.in/en/micro-credit-finance,https://nsfdc.nic.in/en/micro-credit-finance,,D03_NSFDC.html,,,True,English,0,Loan; Interest; Repayment,Authoritative micro-credit parameters,NOT DOWNLOADED - host blocked by collection environment egress policy; content verified at search-extract level only. Run 05_SOURCE_REGISTER/fetch_scripts/download_documents.py,,NSFDC
D04,NSFDC - Eligibility Criteria,NSFDC,MoSJE,Web page,NOT VERIFIED,2018-03-08 (stale income text),https://www.nsfdc.nic.in/en/eligibility-criteria,https://www.nsfdc.nic.in/en/eligibility-criteria,,D04_NSFDC.html,,,True,English,0,Eligibility,Eligibility; shows superseded 3 lakh limit (keep for conflict provenance),NOT DOWNLOADED - host blocked by collection environment egress policy; content verified at search-extract level only. Run 05_SOURCE_REGISTER/fetch_scripts/download_documents.py,Shows superseded income limit (3.00 lakh). Index with effective_to=2026-01-06 to avoid RAG surfacing it as current.,NSFDC
D05,NSFDC - FAQ,NSFDC,MoSJE,FAQ web page,NOT VERIFIED,,https://nsfdc.nic.in/en/faq?link=out,https://nsfdc.nic.in/en/faq?link=out,,D05_NSFDC.html,,,True,English,0,Who is eligible; How to apply; Documents,Citizen FAQ for RAG answers,NOT DOWNLOADED - host blocked by collection environment egress policy; content verified at search-extract level only. Run 05_SOURCE_REGISTER/fetch_scripts/download_documents.py,,NSFDC
D06,About NSFDC,NSFDC,MoSJE,Web page,2026 (post 07-01-2026 edit),2026-01-07,https://nsfdc.nic.in/en/about-nsfdc,https://nsfdc.nic.in/en/about-nsfdc,,D06_NSFDC.html,,,True,English,0,Objective (income limit 5 lakh),Current income ceiling,NOT DOWNLOADED - host blocked by collection environment egress policy; content verified at search-extract level only. Run 05_SOURCE_REGISTER/fetch_scripts/download_documents.py,,NSFDC
D07,NSFDC - How to Apply,NSFDC,MoSJE,Web page,NOT VERIFIED,,https://nsfdc.nic.in/en/how-to-apply,https://nsfdc.nic.in/en/how-to-apply,,D07_NSFDC.html,,,True,English,0,Application route,Application route via SCAs,NOT DOWNLOADED - host blocked by collection environment egress policy; content verified at search-extract level only. Run 05_SOURCE_REGISTER/fetch_scripts/download_documents.py,,NSFDC
D08,NSFDC - State Channelising Agencies list,NSFDC,MoSJE,Directory web page,NOT VERIFIED,,https://nsfdc.nic.in/channel-patrners/scas,https://nsfdc.nic.in/channel-patrners/scas,,D08_NSFDC.html,,,True,English,0,SCA addresses,State -> SCA routing table,NOT DOWNLOADED - host blocked by collection environment egress policy; content verified at search-extract level only. Run 05_SOURCE_REGISTER/fetch_scripts/download_documents.py,,NSFDC
D09,PIB: Increase in the provision of loans to Scheduled Castes (PRID 2223171),Press Information Bureau,Ministry of Social Justice & Empowerment,Press release (Parliament reply),2026 (exact date NOT VERIFIED),2026-01-07,https://www.pib.gov.in/PressReleasePage.aspx?PRID=2223171,https://www.pib.gov.in/PressReleasePage.aspx?PRID=2223171,,D09_NSFDC.html,,,True,English,0,Income limit revision; Term loan ceiling adequacy,Second official source for 5 lakh income limit,NOT DOWNLOADED - host blocked by collection environment egress policy; content verified at search-extract level only. Run 05_SOURCE_REGISTER/fetch_scripts/download_documents.py,,NSFDC
D10,MoSJE - NSFDC scheme page,Ministry of Social Justice & Empowerment,Department of Social Justice and Empowerment,Scheme web page,NOT VERIFIED,,https://socialjustice.gov.in/schemes/34,https://socialjustice.gov.in/schemes/34,,D10_NSFDC.html,,,True,English,0,NSFDC schemes,Ministry-level secondary source,NOT DOWNLOADED - host blocked by collection environment egress policy; content verified at search-extract level only. Run 05_SOURCE_REGISTER/fetch_scripts/download_documents.py,,NSFDC
D11,DFS - Pradhan Mantri MUDRA Yojana (PMMY),Department of Financial Services,Ministry of Finance,Scheme web page,NOT VERIFIED,,https://www.financialservices.gov.in/pradhan-mantri-mudra-yojana-pmmy,https://www.financialservices.gov.in/pradhan-mantri-mudra-yojana-pmmy,,D11_MUDRA.html,,,True,English,0,Categories; MLIs,Primary PMMY source,NOT DOWNLOADED - host blocked by collection environment egress policy; content verified at search-extract level only. Run 05_SOURCE_REGISTER/fetch_scripts/download_documents.py,,MUDRA
D12,MUDRA Loan - Salient Features,MUDRA Ltd,DFS,PDF,NOT VERIFIED,,https://www.mudra.org.in/offerings,https://www.mudra.org.in/Default/DownloadFile/MudraLoan-SalientFeatures-English.pdf,,MudraLoan-SalientFeatures-English.pdf,,,True,English,0,Eligibility; Purpose; Categories,Detailed PMMY features,NOT DOWNLOADED - host blocked by collection environment egress policy; content verified at search-extract level only. Run 05_SOURCE_REGISTER/fetch_scripts/download_documents.py,,MUDRA
D13,PIB: PMMY loan limit raised to Rs 20 lakh (Tarun Plus),Press Information Bureau,Ministry of Finance,Press release + PDF backgrounder,2024-10,2024-10-24,https://www.pib.gov.in/PressReleaseIframePage.aspx?PRID=2068019,https://static.pib.gov.in/WriteReadData/specificdocs/documents/2024/oct/doc20241029426401.pdf,,doc20241029426401.pdf,,,True,English,0,Tarun Plus,Tarun Plus rule and effective date,NOT DOWNLOADED - host blocked by collection environment egress policy; content verified at search-extract level only. Run 05_SOURCE_REGISTER/fetch_scripts/download_documents.py,,MUDRA
D14,PIB: 11 Years of Pradhan Mantri MUDRA Yojana,Press Information Bureau,Ministry of Finance,PDF backgrounder,2026-04,,https://static.pib.gov.in/WriteReadData/specificdocs/documents/2026/apr/doc202648842601.pdf,https://static.pib.gov.in/WriteReadData/specificdocs/documents/2026/apr/doc202648842601.pdf,,doc202648842601.pdf,,,True,English,0,Achievements; State-wise disbursement,Current official PMMY statistics,NOT DOWNLOADED - host blocked by collection environment egress policy; content verified at search-extract level only. Run 05_SOURCE_REGISTER/fetch_scripts/download_documents.py,,MUDRA
D15,PMEGP Revised Scheme Guidelines (07.12.2023),Ministry of MSME / KVIC,Ministry of MSME,Guidelines PDF,2023-12-07,2023-12-07,https://www.msme.gov.in/eligibility-criteria-pmegp-scheme,https://msme.gov.in/sites/default/files/Revisedguidelines07.12.2023.pdf,,Revisedguidelines07.12.2023.pdf,,,True,English,0,Eligibility; Margin money; Negative list; Repayment,Latest consolidated PMEGP rules,NOT DOWNLOADED - host blocked by collection environment egress policy; content verified at search-extract level only. Run 05_SOURCE_REGISTER/fetch_scripts/download_documents.py,,PMEGP
D16,PMEGP 2nd loan guidelines (upgradation of existing units),Ministry of MSME / KVIC,Ministry of MSME,Guidelines PDF,NOT VERIFIED,,https://www.kviconline.gov.in/pmegpeportal/pmegpIILOAN/PMEGP.pdf,https://msme.gov.in/sites/default/files/2ndloanenglishguidelines.pdf,,2ndloanenglishguidelines.pdf,,,True,English,0,Project cost; Subsidy; Eligibility,Second-financial-assistance rules,NOT DOWNLOADED - host blocked by collection environment egress policy; content verified at search-extract level only. Run 05_SOURCE_REGISTER/fetch_scripts/download_documents.py,,PMEGP
D17,PMEGP FAQ (KVIC e-portal),KVIC,Ministry of MSME,FAQ web page,NOT VERIFIED,,https://www.kviconline.gov.in/pmegpeportal/jsp/FAQ.jsp,https://www.kviconline.gov.in/pmegpeportal/jsp/FAQ.jsp,,D17_PMEGP.html,,,True,English,0,Project cost; Subsidy; Contribution,Second source for PMEGP parameters,NOT DOWNLOADED - host blocked by collection environment egress policy; content verified at search-extract level only. Run 05_SOURCE_REGISTER/fetch_scripts/download_documents.py,,PMEGP
D18,CGTMSE - CGS-I Scheme Document (updated as on 01-04-2025),CGTMSE,Ministry of MSME / SIDBI,Scheme document PDF,2025-04-01,2025-04-01,https://www.cgtmse.in/Circulars,https://www.cgtmse.in/Default/ViewFile/?id=1743176302611_CGTMSE+-+Scheme+Document+CGS+I_updated+as+on+Apr+1+2025.pdf&path=Page,,CGTMSE_-_Scheme_Document_CGS_I_updated_as_on_Apr_1_2025.pdf,,,True,English,0,Eligibility; Extent of guarantee; Tenure; Fees,Authoritative CGTMSE rules,NOT DOWNLOADED - host blocked by collection environment egress policy; content verified at search-extract level only. Run 05_SOURCE_REGISTER/fetch_scripts/download_documents.py,,CGTMSE
D19,CGTMSE Circular 250/2024-25 - ceiling 5 cr to 10 cr,CGTMSE,,Circular PDF,2025-03-18,2025-04-01,https://www.cgtmse.in/Circulars,https://www.cgtmse.in/Default/ViewFile/?id=1742382157365_Circular+No.+2502024-25+5cr+to+10+cr.pdf&path=Circular,,Circular_No._2502024-25_5cr_to_10_cr.pdf,,,True,English,0,Ceiling,Supersession evidence,NOT DOWNLOADED - host blocked by collection environment egress policy; content verified at search-extract level only. Run 05_SOURCE_REGISTER/fetch_scripts/download_documents.py,,CGTMSE
D20,CGTMSE Circular 251/2024-25 - reduction in AGF,CGTMSE,,Circular PDF,2025-03-18,2025-04-01,https://www.cgtmse.in/Circulars,https://cgtmse.in/Default/ViewFile/?id=1742382368090_Circular+No.2512024-25+reduction+in+AGF.pdf&path=Circular,,Circular_No.2512024-25_reduction_in_AGF.pdf,,,True,English,0,AGF table,Current fee table,NOT DOWNLOADED - host blocked by collection environment egress policy; content verified at search-extract level only. Run 05_SOURCE_REGISTER/fetch_scripts/download_documents.py,,CGTMSE
D21,CGTMSE Circular 241 - coverage for women entrepreneurs,CGTMSE,,Circular PDF,2024-12-10,NOT VERIFIED,https://www.cgtmse.in/Circulars,https://www.cgtmse.in/Default/ViewFile/?id=1734171815262_Circular+241-+enhancement+in+extent+of+coverage+for+women+entrepreneurs%5B90%5D.pdf&path=Circular,,Circular_241-_enhancement_in_extent_of_coverage_for_women_entrepreneurs.pdf,,,True,English,0,Extent of cover,Women coverage 90%,NOT DOWNLOADED - host blocked by collection environment egress policy; content verified at search-extract level only. Run 05_SOURCE_REGISTER/fetch_scripts/download_documents.py,,CGTMSE
D22,PIB: Investment and turnover limits for MSME classification enhanced (PRID 2098389) + MSME gazette notification page,Press Information Bureau / Ministry of MSME,Ministry of MSME,Press release / notification,2025-02,2025-04-01,https://www.pib.gov.in/PressReleasePage.aspx?PRID=2098389,https://www.msme.gov.in/whatsnew/new-criteria-classification-micro-small-and-medium-enterprises-gazette-notification-1st,,D22_Udyam.html,,,True,English,0,Classification limits,Udyam classification for ONEVA enterprise sizing,NOT DOWNLOADED - host blocked by collection environment egress policy; content verified at search-extract level only. Run 05_SOURCE_REGISTER/fetch_scripts/download_documents.py,,Udyam
D23,Ministry of MSME Annual Report 2025-26,Ministry of MSME,,Annual report PDF,2026-05,,https://www.msme.gov.in/static/uploads/2026/05/1bfda06b460e72543530b40817573495.pdf,https://www.msme.gov.in/static/uploads/2026/05/1bfda06b460e72543530b40817573495.pdf,,1bfda06b460e72543530b40817573495.pdf,,,True,English,0,PMEGP; CGTMSE; Udyam statistics,Current official MSME scheme performance,NOT DOWNLOADED - host blocked by collection environment egress policy; content verified at search-extract level only. Run 05_SOURCE_REGISTER/fetch_scripts/download_documents.py,,Udyam
D24,HCES 2023-24 Press Note / Fact sheet,MoSPI (NSO),Ministry of Statistics & PI,Press note PDF,2024-12-27,,https://www.pib.gov.in/PressReleasePage.aspx?PRID=2097601,https://www.mospi.gov.in/sites/default/files/press_release/HCES_Press_Note_2023-24_27122024_rev.pdf,,HCES_Press_Note_2023-24_27122024_rev.pdf,,,True,English,0,All-India MPCE; State-wise MPCE tables,State-level consumption proxy,NOT DOWNLOADED - host blocked by collection environment egress policy; content verified at search-extract level only. Run 05_SOURCE_REGISTER/fetch_scripts/download_documents.py,,Stats
D25,HCES 2023-24 Final Report,MoSPI (NSO),Ministry of Statistics & PI,Report PDF,2025 (NOT VERIFIED),,https://mospi.gov.in/sites/default/files/press_release/HCES_Report202324_Press_Note_30012025.pdf,https://www.mospi.gov.in/sites/default/files/publication_reports/Final_Report_HCES_2023-24L.pdf,,Final_Report_HCES_2023-24L.pdf,,,True,English,0,State x item-group tables,Item-level consumption shares for business categories,NOT DOWNLOADED - host blocked by collection environment egress policy; content verified at search-extract level only. Run 05_SOURCE_REGISTER/fetch_scripts/download_documents.py,,Stats
D26,data.gov.in: Current Daily Price of Various Commodities from Various Markets (Mandi),Open Government Data Platform / AGMARKNET,Ministry of Agriculture & Farmers Welfare,API dataset,daily,,https://www.data.gov.in/resource/current-daily-price-various-commodities-various-markets-mandi,https://api.data.gov.in/resource/9ef84268-d588-465a-a308-a864a43d0070,,D26_Stats.html,,,True,English,0,API fields,Official mandi prices,NOT DOWNLOADED - host blocked by collection environment egress policy; content verified at search-extract level only. Run 05_SOURCE_REGISTER/fetch_scripts/download_documents.py,,Stats
D27,Basic Animal Husbandry Statistics 2025,Department of Animal Husbandry & Dairying,"Ministry of Fisheries, AH & Dairying",Statistical publication PDF,2025-11/12,reference 2024-25,https://www.pib.gov.in/PressReleasePage.aspx?PRID=2195049,https://dahd.gov.in/sites/default/files/2025-12/BasicAnimalHusbandryStatistics2025.pdf,,BasicAnimalHusbandryStatistics2025.pdf,,,True,English,0,State-wise milk/egg/meat production,Production (NOT demand) context for dairy/poultry,NOT DOWNLOADED - host blocked by collection environment egress policy; content verified at search-extract level only. Run 05_SOURCE_REGISTER/fetch_scripts/download_documents.py,,Stats
D28,Tamil Nadu UYEGP scheme page,Government of Tamil Nadu - MSME Department,Commissionerate of Industries & Commerce,Scheme web page,NOT VERIFIED,,https://www.msmetamilnadu.tn.gov.in/uyegp.php,https://www.msmetamilnadu.tn.gov.in/uyegp.php,,D28_TamilNadu.html,,,True,English/Tamil,0,Eligibility; Subsidy,State scheme complementing NSFDC/PMEGP in TN,NOT DOWNLOADED - host blocked by collection environment egress policy; content verified at search-extract level only. Run 05_SOURCE_REGISTER/fetch_scripts/download_documents.py,,TamilNadu
D29,Tamil Nadu AABCS (Annal Ambedkar Business Champions Scheme) G.O.,Government of Tamil Nadu - MSME Department,,Government Order PDF,NOT VERIFIED,,https://msmeonline.tn.gov.in/aabcs/aabcs_desc.php,https://msmeonline.tn.gov.in/aabcs/pdf/aabcs_go.pdf,,aabcs_go.pdf,,,True,Tamil/English,0,Eligibility; Subsidy; Interest subvention,SC/ST-specific state scheme in TN,NOT DOWNLOADED - host blocked by collection environment egress policy; content verified at search-extract level only. Run 05_SOURCE_REGISTER/fetch_scripts/download_documents.py,,TamilNadu
D30,TAHDCO schemes (NSFDC SCA for Tamil Nadu),"TAHDCO, Government of Tamil Nadu",Adi Dravidar & Tribal Welfare Department,Web page,NOT VERIFIED,,https://tahdco.com/schemes,https://tahdco.com/schemes,,D30_TamilNadu.html,,,True,English/Tamil,0,Schemes; Application,Where TN SC applicants actually apply for NSFDC loans,NOT DOWNLOADED - host blocked by collection environment egress policy; content verified at search-extract level only. Run 05_SOURCE_REGISTER/fetch_scripts/download_documents.py,,TamilNadu
D31,Statistical Hand Book of Tamil Nadu,"Department of Economics and Statistics, Govt of Tamil Nadu","Planning, Development & Special Initiatives",Statistical publication,annual (latest edition NOT VERIFIED),,https://des.tn.gov.in/en/node/32,https://des.tn.gov.in/en/node/32,,D31_TamilNadu.html,,,True,English,0,District tables; District income,District-level indicators for TN,NOT DOWNLOADED - host blocked by collection environment egress policy; content verified at search-extract level only. Run 05_SOURCE_REGISTER/fetch_scripts/download_documents.py,,TamilNadu
