scheme,parameter,value,unit,condition,effective_date,source_organization,source_title,source_url,source_document,source_page,source_section,retrieval_date,verification_status,confidence,notes
PMMY/MUDRA,shishu_max_loan,50000,INR,loan up to,2015-04-08 (scheme launch),"MUDRA Ltd (Micro Units Development & Refinance Agency); Department of Financial Services, Ministry of Finance",Offerings / PMMY page,https://www.mudra.org.in/offerings,https://www.financialservices.gov.in/pradhan-mantri-mudra-yojana-pmmy,N/A (web page),Loan categories,2026-09-27,TWO OFFICIAL SOURCES (SEARCH-LEVEL),HIGH,
PMMY/MUDRA,kishor_min_loan_exclusive,50000,INR,above (exclusive),2015-04-08,MUDRA Ltd (Micro Units Development & Refinance Agency),Offerings,https://www.mudra.org.in/offerings,https://www.financialservices.gov.in/pradhan-mantri-mudra-yojana-pmmy,N/A (web page),Loan categories,2026-09-27,TWO OFFICIAL SOURCES (SEARCH-LEVEL),HIGH,
PMMY/MUDRA,kishor_max_loan,500000,INR,up to,2015-04-08,MUDRA Ltd (Micro Units Development & Refinance Agency),Offerings,https://www.mudra.org.in/offerings,https://www.financialservices.gov.in/pradhan-mantri-mudra-yojana-pmmy,N/A (web page),Loan categories,2026-09-27,TWO OFFICIAL SOURCES (SEARCH-LEVEL),HIGH,Official sites spell it 'Kishore' and 'Kishor' interchangeably.
PMMY/MUDRA,tarun_min_loan_exclusive,500000,INR,above (exclusive),2015-04-08,MUDRA Ltd (Micro Units Development & Refinance Agency),Offerings,https://www.mudra.org.in/offerings,https://www.financialservices.gov.in/pradhan-mantri-mudra-yojana-pmmy,N/A (web page),Loan categories,2026-09-27,TWO OFFICIAL SOURCES (SEARCH-LEVEL),HIGH,
PMMY/MUDRA,tarun_max_loan,1000000,INR,up to,2015-04-08,MUDRA Ltd (Micro Units Development & Refinance Agency),Offerings,https://www.mudra.org.in/offerings,https://www.financialservices.gov.in/pradhan-mantri-mudra-yojana-pmmy,N/A (web page),Loan categories,2026-09-27,TWO OFFICIAL SOURCES (SEARCH-LEVEL),HIGH,
PMMY/MUDRA,tarun_plus_min_loan_exclusive,1000000,INR,above (exclusive),2024-10-24,Press Information Bureau (Ministry of Finance); MUDRA Ltd (Micro Units Development & Refinance Agency),Loan limit under PMMY increased to Rs.20 lakh,https://www.pib.gov.in/PressReleaseIframePage.aspx?PRID=2068019,https://static.pib.gov.in/WriteReadData/specificdocs/documents/2024/oct/doc20241029426401.pdf,NOT RECORDED - original not opened (egress blocked),Press release body,2026-09-27,TWO OFFICIAL SOURCES (SEARCH-LEVEL),HIGH,
PMMY/MUDRA,tarun_plus_max_loan,2000000,INR,up to,2024-10-24,Press Information Bureau (Ministry of Finance); MUDRA Ltd (Micro Units Development & Refinance Agency),Loan limit under PMMY increased to Rs.20 lakh,https://www.pib.gov.in/PressReleaseIframePage.aspx?PRID=2068019,https://static.pib.gov.in/WriteReadData/specificdocs/documents/2024/oct/doc20241029426401.pdf,NOT RECORDED - original not opened (egress blocked),Press release body,2026-09-27,TWO OFFICIAL SOURCES (SEARCH-LEVEL),HIGH,Supersedes the previous PMMY overall maximum of Rs 10 lakh (see SCHEME_CHANGELOG).
PMMY/MUDRA,tarun_plus_eligibility,Borrower must have previously availed AND successfully repaid a loan under the Tarun category,rule,,2024-10-24,Press Information Bureau (Ministry of Finance); MUDRA Ltd (Micro Units Development & Refinance Agency),PIB PRID 2068019; MUDRA Offerings,https://www.pib.gov.in/PressReleaseIframePage.aspx?PRID=2068019,https://www.mudra.org.in/offerings,N/A (web page),Tarun Plus definition,2026-09-27,TWO OFFICIAL SOURCES (SEARCH-LEVEL),HIGH,
PMMY/MUDRA,maximum_loan_overall,2000000,INR,collateral-free,2024-10-24,"Department of Financial Services, Ministry of Finance",PMMY,https://www.financialservices.gov.in/pradhan-mantri-mudra-yojana-pmmy,https://static.pib.gov.in/WriteReadData/specificdocs/documents/2026/apr/doc202648842601.pdf,NOT RECORDED - original not opened (egress blocked),Scheme overview,2026-09-27,TWO OFFICIAL SOURCES (SEARCH-LEVEL),HIGH,
PMMY/MUDRA,collateral,Not required (collateral-free),rule,,2015-04-08,MUDRA Ltd (Micro Units Development & Refinance Agency),Offerings / FAQ,https://www.mudra.org.in/offerings,https://mudra.org.in/FAQ,N/A (web page),Key features,2026-09-27,TWO OFFICIAL SOURCES (SEARCH-LEVEL),HIGH,
PMMY/MUDRA,credit_guarantee,"Loans covered by Credit Guarantee Fund for Micro Units (CGFMU), administered by NCGTC",rule,,NOT VERIFIED,Press Information Bureau (Ministry of Finance),PIB press notes on PMMY,https://www.pib.gov.in/PressNoteDetails.aspx?NoteId=158056&ModuleId=3,https://www.pib.gov.in/PressReleaseIframePage.aspx?PRID=2068019,N/A (web page),CGFMU paragraph,2026-09-27,SINGLE OFFICIAL SOURCE VERIFIED (SEARCH-LEVEL),MEDIUM-HIGH,CGFMU fee/coverage parameters OFFICIAL SOURCE NOT FOUND in this collection.
PMMY/MUDRA,eligible_borrowers,"Non-corporate, non-farm small/micro enterprises (individuals, proprietorships, partnerships etc.) in manufacturing, trading and services, including activities allied to agriculture (e.g. poultry, dairy, beekeeping)",rule,income-generating activities,NOT VERIFIED,Press Information Bureau (Ministry of Finance); MUDRA Ltd (Micro Units Development & Refinance Agency),PIB PMMY press note; MUDRA Offerings,https://www.pib.gov.in/PressNoteDetails.aspx?NoteId=158056&ModuleId=3,https://www.mudra.org.in/offerings,N/A (web page),Eligible activities,2026-09-27,TWO OFFICIAL SOURCES (SEARCH-LEVEL),HIGH,
PMMY/MUDRA,loan_purpose,Term loans and working capital for income-generating micro enterprises,rule,,NOT VERIFIED,Press Information Bureau (Ministry of Finance),PIB PMMY press note,https://www.pib.gov.in/PressNoteDetails.aspx?NoteId=158056&ModuleId=3,https://www.mudra.org.in/Default/DownloadFile/MudraLoan-SalientFeatures-English.pdf,NOT RECORDED - original not opened (egress blocked),Purpose,2026-09-27,SINGLE OFFICIAL SOURCE VERIFIED (SEARCH-LEVEL),MEDIUM-HIGH,Detailed purpose list (e.g. MUDRA card for WC) is in the Salient Features PDF - not opened.
PMMY/MUDRA,lending_institutions,"Member Lending Institutions: Scheduled Commercial Banks (PSB/private/foreign), RRBs, Small Finance Banks, Cooperative banks (NOT VERIFIED), NBFCs, MFIs/NBFC-MFIs",rule,,NOT VERIFIED,MUDRA Ltd (Micro Units Development & Refinance Agency); Press Information Bureau (Ministry of Finance),MUDRA site; PIB '11 Years of PMMY',https://www.mudra.org.in/offerings,https://static.pib.gov.in/WriteReadData/specificdocs/documents/2026/apr/doc202648842601.pdf,NOT RECORDED - original not opened (egress blocked),MLIs,2026-09-27,TWO OFFICIAL SOURCES (SEARCH-LEVEL),HIGH,MUDRA is a refinancing institution and does not lend directly to individuals.
PMMY/MUDRA,application_route,"Approach any MLI branch, or apply online at www.udyamimitra.in",rule,,NOT VERIFIED,MUDRA Ltd (Micro Units Development & Refinance Agency),How & where to get MUDRA loan,https://www.mudra.org.in/Default/DownloadFile/How_and_Where_to_get_MUDRA_loan.pdf,https://mudra.org.in/FAQ,N/A (web page),Procedure,2026-09-27,SINGLE OFFICIAL SOURCE VERIFIED (SEARCH-LEVEL),MEDIUM-HIGH,
PMMY/MUDRA,interest_rate,NOT VERIFIED - set by the lending institution (no single official PMMY rate found),,,,MUDRA Ltd (Micro Units Development & Refinance Agency),,https://mudra.org.in/FAQ,,N/A (web page),,2026-09-27,NOT VERIFIED,N/A,Do not show a MUDRA interest rate as official.
PMMY/MUDRA,stat_loans_sanctioned_since_inception,52 crore+ (loans); 32.61 lakh crore (amount),count; INR,since April 2015,published April 2026,Press Information Bureau (Ministry of Finance),11 Years of Pradhan Mantri MUDRA Yojana,https://static.pib.gov.in/WriteReadData/specificdocs/documents/2026/apr/doc202648842601.pdf,https://static.pib.gov.in/WriteReadData/specificdocs/documents/2026/apr/doc202648842601.pdf,NOT RECORDED - original not opened (egress blocked),Headline numbers,2026-09-27,SINGLE OFFICIAL SOURCE VERIFIED (SEARCH-LEVEL),MEDIUM,"OFFICIAL STATISTIC, reporting date inside PDF not confirmed. Mixed units: 'crore' count vs 'lakh crore' INR; normalised: ~520,000,000 loans; INR 32,610,000,000,000."
